<?xml version="1.0" encoding="UTF-8" ?>
<feature
	id="org.eclipse.babel.nls_tools.tm_zh"
	label="Babel Language Pack for tools.tm in Chinese (Simplified) (21.11%)"
	image="eclipse_update_120.jpg"
	provider-name="%providerName"
	version="4.14.0.v20200113020001">
	<copyright>
		%copyright
	</copyright>
	<license url="%licenseURL">
		%license
	</license>
	<description>Babel Language Pack for tools.tm in Chinese (Simplified)</description>
	<plugin fragment="true" id="org.eclipse.rse.connectorservice.ssh.nl_zh" unpack="false" version="4.14.0.v20200113020001" download-size="2644" install-size="2644" />
	<plugin fragment="true" id="org.eclipse.rse.core.nl_zh" unpack="false" version="4.14.0.v20200113020001" download-size="2592" install-size="2592" />
	<plugin fragment="true" id="org.eclipse.rse.dstore.security.nl_zh" unpack="false" version="4.14.0.v20200113020001" download-size="2506" install-size="2506" />
	<plugin fragment="true" id="org.eclipse.rse.examples.dstore.nl_zh" unpack="false" version="4.14.0.v20200113020001" download-size="1471" install-size="1471" />
	<plugin fragment="true" id="org.eclipse.rse.examples.tutorial.nl_zh" unpack="false" version="4.14.0.v20200113020001" download-size="1782" install-size="1782" />
	<plugin fragment="true" id="org.eclipse.rse.files.ui.nl_zh" unpack="false" version="4.14.0.v20200113020001" download-size="3627" install-size="3627" />
	<plugin fragment="true" id="org.eclipse.rse.importexport.nl_zh" unpack="false" version="4.14.0.v20200113020001" download-size="4474" install-size="4474" />
	<plugin fragment="true" id="org.eclipse.rse.processes.ui.nl_zh" unpack="false" version="4.14.0.v20200113020001" download-size="3348" install-size="3348" />
	<plugin fragment="true" id="org.eclipse.rse.services.dstore.nl_zh" unpack="false" version="4.14.0.v20200113020001" download-size="1736" install-size="1736" />
	<plugin fragment="true" id="org.eclipse.rse.services.files.ftp.nl_zh" unpack="false" version="4.14.0.v20200113020001" download-size="2625" install-size="2625" />
	<plugin fragment="true" id="org.eclipse.rse.services.nl_zh" unpack="false" version="4.14.0.v20200113020001" download-size="2982" install-size="2982" />
	<plugin fragment="true" id="org.eclipse.rse.shells.ui.nl_zh" unpack="false" version="4.14.0.v20200113020001" download-size="2768" install-size="2768" />
	<plugin fragment="true" id="org.eclipse.rse.subsystems.files.core.nl_zh" unpack="false" version="4.14.0.v20200113020001" download-size="2824" install-size="2824" />
	<plugin fragment="true" id="org.eclipse.rse.subsystems.files.dstore.nl_zh" unpack="false" version="4.14.0.v20200113020001" download-size="1478" install-size="1478" />
	<plugin fragment="true" id="org.eclipse.rse.subsystems.files.ftp.nl_zh" unpack="false" version="4.14.0.v20200113020001" download-size="1494" install-size="1494" />
	<plugin fragment="true" id="org.eclipse.rse.subsystems.wince.nl_zh" unpack="false" version="4.14.0.v20200113020001" download-size="1478" install-size="1478" />
	<plugin fragment="true" id="org.eclipse.rse.terminals.ui.nl_zh" unpack="false" version="4.14.0.v20200113020001" download-size="2563" install-size="2563" />
	<plugin fragment="true" id="org.eclipse.rse.tests.framework.nl_zh" unpack="false" version="4.14.0.v20200113020001" download-size="1530" install-size="1530" />
	<plugin fragment="true" id="org.eclipse.rse.ui.capabilities.nl_zh" unpack="false" version="4.14.0.v20200113020001" download-size="1481" install-size="1481" />
	<plugin fragment="true" id="org.eclipse.rse.ui.nl_zh" unpack="false" version="4.14.0.v20200113020001" download-size="6191" install-size="6191" />
	<plugin fragment="true" id="org.eclipse.rse.useractions.nl_zh" unpack="false" version="4.14.0.v20200113020001" download-size="3514" install-size="3514" />
	<plugin fragment="true" id="org.eclipse.tm.terminal.connector.cdtserial.nl_zh" unpack="false" version="4.14.0.v20200113020001" download-size="1493" install-size="1493" />
	<plugin fragment="true" id="org.eclipse.tm.terminal.connector.local.nl_zh" unpack="false" version="4.14.0.v20200113020001" download-size="1521" install-size="1521" />
	<plugin fragment="true" id="org.eclipse.tm.terminal.connector.process.nl_zh" unpack="false" version="4.14.0.v20200113020001" download-size="2482" install-size="2482" />
	<plugin fragment="true" id="org.eclipse.tm.terminal.connector.remote.nl_zh" unpack="false" version="4.14.0.v20200113020001" download-size="2483" install-size="2483" />
	<plugin fragment="true" id="org.eclipse.tm.terminal.connector.serial.nl_zh" unpack="false" version="4.14.0.v20200113020001" download-size="2795" install-size="2795" />
	<plugin fragment="true" id="org.eclipse.tm.terminal.connector.ssh.nl_zh" unpack="false" version="4.14.0.v20200113020001" download-size="3459" install-size="3459" />
	<plugin fragment="true" id="org.eclipse.tm.terminal.connector.telnet.nl_zh" unpack="false" version="4.14.0.v20200113020001" download-size="2505" install-size="2505" />
	<plugin fragment="true" id="org.eclipse.tm.terminal.control.nl_zh" unpack="false" version="4.14.0.v20200113020001" download-size="2869" install-size="2869" />
	<plugin fragment="true" id="org.eclipse.tm.terminal.view.ui.nl_zh" unpack="false" version="4.14.0.v20200113020001" download-size="3450" install-size="3450" />
</feature>