<?xml version="1.0" encoding="UTF-8" ?>
<feature
	id="org.eclipse.babel.nls_tools.cdt_zh"
	label="Babel Language Pack for tools.cdt in Chinese (Simplified) (56.17%)"
	image="eclipse_update_120.jpg"
	provider-name="%providerName"
	version="4.14.0.v20200113020001">
	<copyright>
		%copyright
	</copyright>
	<license url="%licenseURL">
		%license
	</license>
	<description>Babel Language Pack for tools.cdt in Chinese (Simplified)</description>
	<plugin fragment="true" id="org.eclipse.cdt.arduino.core.nl_zh" unpack="false" version="4.14.0.v20200113020001" download-size="1472" install-size="1472" />
	<plugin fragment="true" id="org.eclipse.cdt.arduino.ui.nl_zh" unpack="false" version="4.14.0.v20200113020001" download-size="2522" install-size="2522" />
	<plugin fragment="true" id="org.eclipse.cdt.autotools.core.nl_zh" unpack="false" version="4.14.0.v20200113020001" download-size="5070" install-size="5070" />
	<plugin fragment="true" id="org.eclipse.cdt.autotools.docs.nl_zh" unpack="false" version="4.14.0.v20200113020001" download-size="1470" install-size="1470" />
	<plugin fragment="true" id="org.eclipse.cdt.autotools.ui.nl_zh" unpack="false" version="4.14.0.v20200113020001" download-size="19009" install-size="19009" />
	<plugin fragment="true" id="org.eclipse.cdt.build.crossgcc.nl_zh" unpack="false" version="4.14.0.v20200113020001" download-size="2591" install-size="2591" />
	<plugin fragment="true" id="org.eclipse.cdt.build.gcc.ui.nl_zh" unpack="false" version="4.14.0.v20200113020001" download-size="2678" install-size="2678" />
	<plugin fragment="true" id="org.eclipse.cdt.cmake.ui.nl_zh" unpack="false" version="4.14.0.v20200113020001" download-size="2337" install-size="2337" />
	<plugin fragment="true" id="org.eclipse.cdt.codan.checkers.nl_zh" unpack="false" version="4.14.0.v20200113020001" download-size="3083" install-size="3083" />
	<plugin fragment="true" id="org.eclipse.cdt.codan.checkers.ui.nl_zh" unpack="false" version="4.14.0.v20200113020001" download-size="3616" install-size="3616" />
	<plugin fragment="true" id="org.eclipse.cdt.codan.core.cxx.nl_zh" unpack="false" version="4.14.0.v20200113020001" download-size="3095" install-size="3095" />
	<plugin fragment="true" id="org.eclipse.cdt.codan.core.nl_zh" unpack="false" version="4.14.0.v20200113020001" download-size="3366" install-size="3366" />
	<plugin fragment="true" id="org.eclipse.cdt.codan.examples.nl_zh" unpack="false" version="4.14.0.v20200113020001" download-size="1773" install-size="1773" />
	<plugin fragment="true" id="org.eclipse.cdt.codan.ui.cxx.nl_zh" unpack="false" version="4.14.0.v20200113020001" download-size="2863" install-size="2863" />
	<plugin fragment="true" id="org.eclipse.cdt.codan.ui.nl_zh" unpack="false" version="4.14.0.v20200113020001" download-size="3520" install-size="3520" />
	<plugin fragment="true" id="org.eclipse.cdt.core.autotools.core.nl_zh" unpack="false" version="4.14.0.v20200113020001" download-size="1476" install-size="1476" />
	<plugin fragment="true" id="org.eclipse.cdt.core.autotools.ui.nl_zh" unpack="false" version="4.14.0.v20200113020001" download-size="1475" install-size="1475" />
	<plugin fragment="true" id="org.eclipse.cdt.core.linux.nl_zh" unpack="false" version="4.14.0.v20200113020001" download-size="1550" install-size="1550" />
	<plugin fragment="true" id="org.eclipse.cdt.core.linux.ppc64le.nl_zh" unpack="false" version="4.14.0.v20200113020001" download-size="1477" install-size="1477" />
	<plugin fragment="true" id="org.eclipse.cdt.core.linux.x86_64.nl_zh" unpack="false" version="4.14.0.v20200113020001" download-size="1517" install-size="1517" />
	<plugin fragment="true" id="org.eclipse.cdt.core.lrparser.nl_zh" unpack="false" version="4.14.0.v20200113020001" download-size="1547" install-size="1547" />
	<plugin fragment="true" id="org.eclipse.cdt.core.lrparser.xlc.nl_zh" unpack="false" version="4.14.0.v20200113020001" download-size="1560" install-size="1560" />
	<plugin fragment="true" id="org.eclipse.cdt.core.macosx.nl_zh" unpack="false" version="4.14.0.v20200113020001" download-size="1499" install-size="1499" />
	<plugin fragment="true" id="org.eclipse.cdt.core.native.nl_zh" unpack="false" version="4.14.0.v20200113020001" download-size="2569" install-size="2569" />
	<plugin fragment="true" id="org.eclipse.cdt.core.nl_zh" unpack="false" version="4.14.0.v20200113020001" download-size="18955" install-size="18955" />
	<plugin fragment="true" id="org.eclipse.cdt.core.parser.upc.nl_zh" unpack="false" version="4.14.0.v20200113020001" download-size="1543" install-size="1543" />
	<plugin fragment="true" id="org.eclipse.cdt.core.win32.nl_zh" unpack="false" version="4.14.0.v20200113020001" download-size="1554" install-size="1554" />
	<plugin fragment="true" id="org.eclipse.cdt.core.win32.x86_64.nl_zh" unpack="false" version="4.14.0.v20200113020001" download-size="1518" install-size="1518" />
	<plugin fragment="true" id="org.eclipse.cdt.debug.application.doc.nl_zh" unpack="false" version="4.14.0.v20200113020001" download-size="1476" install-size="1476" />
	<plugin fragment="true" id="org.eclipse.cdt.debug.application.nl_zh" unpack="false" version="4.14.0.v20200113020001" download-size="3435" install-size="3435" />
	<plugin fragment="true" id="org.eclipse.cdt.debug.core.nl_zh" unpack="false" version="4.14.0.v20200113020001" download-size="7167" install-size="7167" />
	<plugin fragment="true" id="org.eclipse.cdt.debug.dap.gdbjtag.nl_zh" unpack="false" version="4.14.0.v20200113020001" download-size="1854" install-size="1854" />
	<plugin fragment="true" id="org.eclipse.cdt.debug.dap.nl_zh" unpack="false" version="4.14.0.v20200113020001" download-size="1816" install-size="1816" />
	<plugin fragment="true" id="org.eclipse.cdt.debug.gdbjtag.core.nl_zh" unpack="false" version="4.14.0.v20200113020001" download-size="2677" install-size="2677" />
	<plugin fragment="true" id="org.eclipse.cdt.debug.gdbjtag.nl_zh" unpack="false" version="4.14.0.v20200113020001" download-size="1474" install-size="1474" />
	<plugin fragment="true" id="org.eclipse.cdt.debug.gdbjtag.ui.nl_zh" unpack="false" version="4.14.0.v20200113020001" download-size="3389" install-size="3389" />
	<plugin fragment="true" id="org.eclipse.cdt.debug.ui.memory.floatingpoint.nl_zh" unpack="false" version="4.14.0.v20200113020001" download-size="2838" install-size="2838" />
	<plugin fragment="true" id="org.eclipse.cdt.debug.ui.memory.memorybrowser.nl_zh" unpack="false" version="4.14.0.v20200113020001" download-size="2822" install-size="2822" />
	<plugin fragment="true" id="org.eclipse.cdt.debug.ui.memory.search.nl_zh" unpack="false" version="4.14.0.v20200113020001" download-size="2846" install-size="2846" />
	<plugin fragment="true" id="org.eclipse.cdt.debug.ui.memory.traditional.nl_zh" unpack="false" version="4.14.0.v20200113020001" download-size="3031" install-size="3031" />
	<plugin fragment="true" id="org.eclipse.cdt.debug.ui.memory.transport.nl_zh" unpack="false" version="4.14.0.v20200113020001" download-size="2741" install-size="2741" />
	<plugin fragment="true" id="org.eclipse.cdt.debug.ui.nl_zh" unpack="false" version="4.14.0.v20200113020001" download-size="18520" install-size="18520" />
	<plugin fragment="true" id="org.eclipse.cdt.doc.isv.nl_zh" unpack="false" version="4.14.0.v20200113020001" download-size="1470" install-size="1470" />
	<plugin fragment="true" id="org.eclipse.cdt.doc.user.nl_zh" unpack="false" version="4.14.0.v20200113020001" download-size="1674" install-size="1674" />
	<plugin fragment="true" id="org.eclipse.cdt.docker.launcher.nl_zh" unpack="false" version="4.14.0.v20200113020001" download-size="4054" install-size="4054" />
	<plugin fragment="true" id="org.eclipse.cdt.dsf.gdb.multicorevisualizer.ui.nl_zh" unpack="false" version="4.14.0.v20200113020001" download-size="1959" install-size="1959" />
	<plugin fragment="true" id="org.eclipse.cdt.dsf.gdb.nl_zh" unpack="false" version="4.14.0.v20200113020001" download-size="7331" install-size="7331" />
	<plugin fragment="true" id="org.eclipse.cdt.dsf.gdb.ui.nl_zh" unpack="false" version="4.14.0.v20200113020001" download-size="13039" install-size="13039" />
	<plugin fragment="true" id="org.eclipse.cdt.dsf.nl_zh" unpack="false" version="4.14.0.v20200113020001" download-size="1467" install-size="1467" />
	<plugin fragment="true" id="org.eclipse.cdt.dsf.ui.nl_zh" unpack="false" version="4.14.0.v20200113020001" download-size="14840" install-size="14840" />
	<plugin fragment="true" id="org.eclipse.cdt.errorparsers.xlc.nl_zh" unpack="false" version="4.14.0.v20200113020001" download-size="1476" install-size="1476" />
	<plugin fragment="true" id="org.eclipse.cdt.examples.dsf.gdb.nl_zh" unpack="false" version="4.14.0.v20200113020001" download-size="2647" install-size="2647" />
	<plugin fragment="true" id="org.eclipse.cdt.examples.dsf.nl_zh" unpack="false" version="4.14.0.v20200113020001" download-size="1473" install-size="1473" />
	<plugin fragment="true" id="org.eclipse.cdt.examples.dsf.pda.nl_zh" unpack="false" version="4.14.0.v20200113020001" download-size="1476" install-size="1476" />
	<plugin fragment="true" id="org.eclipse.cdt.examples.dsf.pda.ui.nl_zh" unpack="false" version="4.14.0.v20200113020001" download-size="2855" install-size="2855" />
	<plugin fragment="true" id="org.eclipse.cdt.gdb.nl_zh" unpack="false" version="4.14.0.v20200113020001" download-size="1467" install-size="1467" />
	<plugin fragment="true" id="org.eclipse.cdt.gdb.ui.nl_zh" unpack="false" version="4.14.0.v20200113020001" download-size="1502" install-size="1502" />
	<plugin fragment="true" id="org.eclipse.cdt.launch.nl_zh" unpack="false" version="4.14.0.v20200113020001" download-size="5937" install-size="5937" />
	<plugin fragment="true" id="org.eclipse.cdt.launch.remote.nl_zh" unpack="false" version="4.14.0.v20200113020001" download-size="2769" install-size="2769" />
	<plugin fragment="true" id="org.eclipse.cdt.launch.serial.ui.nl_zh" unpack="false" version="4.14.0.v20200113020001" download-size="2509" install-size="2509" />
	<plugin fragment="true" id="org.eclipse.cdt.llvm.dsf.lldb.core.nl_zh" unpack="false" version="4.14.0.v20200113020001" download-size="1477" install-size="1477" />
	<plugin fragment="true" id="org.eclipse.cdt.llvm.dsf.lldb.ui.nl_zh" unpack="false" version="4.14.0.v20200113020001" download-size="2894" install-size="2894" />
	<plugin fragment="true" id="org.eclipse.cdt.lsp.core.nl_zh" unpack="false" version="4.14.0.v20200113020001" download-size="1711" install-size="1711" />
	<plugin fragment="true" id="org.eclipse.cdt.make.core.nl_zh" unpack="false" version="4.14.0.v20200113020001" download-size="5112" install-size="5112" />
	<plugin fragment="true" id="org.eclipse.cdt.make.ui.nl_zh" unpack="false" version="4.14.0.v20200113020001" download-size="9474" install-size="9474" />
	<plugin fragment="true" id="org.eclipse.cdt.make.xlc.core.nl_zh" unpack="false" version="4.14.0.v20200113020001" download-size="1499" install-size="1499" />
	<plugin fragment="true" id="org.eclipse.cdt.managedbuilder.bupc.ui.nl_zh" unpack="false" version="4.14.0.v20200113020001" download-size="2562" install-size="2562" />
	<plugin fragment="true" id="org.eclipse.cdt.managedbuilder.core.nl_zh" unpack="false" version="4.14.0.v20200113020001" download-size="9886" install-size="9886" />
	<plugin fragment="true" id="org.eclipse.cdt.managedbuilder.gnu.ui.nl_zh" unpack="false" version="4.14.0.v20200113020001" download-size="5766" install-size="5766" />
	<plugin fragment="true" id="org.eclipse.cdt.managedbuilder.llvm.ui.nl_zh" unpack="false" version="4.14.0.v20200113020001" download-size="3425" install-size="3425" />
	<plugin fragment="true" id="org.eclipse.cdt.managedbuilder.ui.nl_zh" unpack="false" version="4.14.0.v20200113020001" download-size="7959" install-size="7959" />
	<plugin fragment="true" id="org.eclipse.cdt.managedbuilder.xlc.core.nl_zh" unpack="false" version="4.14.0.v20200113020001" download-size="1511" install-size="1511" />
	<plugin fragment="true" id="org.eclipse.cdt.managedbuilder.xlc.ui.nl_zh" unpack="false" version="4.14.0.v20200113020001" download-size="4312" install-size="4312" />
	<plugin fragment="true" id="org.eclipse.cdt.managedbuilder.xlupc.ui.nl_zh" unpack="false" version="4.14.0.v20200113020001" download-size="2864" install-size="2864" />
	<plugin fragment="true" id="org.eclipse.cdt.meson.core.nl_zh" unpack="false" version="4.14.0.v20200113020001" download-size="1468" install-size="1468" />
	<plugin fragment="true" id="org.eclipse.cdt.meson.docs.nl_zh" unpack="false" version="4.14.0.v20200113020001" download-size="1468" install-size="1468" />
	<plugin fragment="true" id="org.eclipse.cdt.meson.ui.editor.nl_zh" unpack="false" version="4.14.0.v20200113020001" download-size="1699" install-size="1699" />
	<plugin fragment="true" id="org.eclipse.cdt.meson.ui.nl_zh" unpack="false" version="4.14.0.v20200113020001" download-size="3846" install-size="3846" />
	<plugin fragment="true" id="org.eclipse.cdt.msw.build.nl_zh" unpack="false" version="4.14.0.v20200113020001" download-size="1491" install-size="1491" />
	<plugin fragment="true" id="org.eclipse.cdt.nl_zh" unpack="false" version="4.14.0.v20200113020001" download-size="1915" install-size="1915" />
	<plugin fragment="true" id="org.eclipse.cdt.qt.core.nl_zh" unpack="false" version="4.14.0.v20200113020001" download-size="2115" install-size="2115" />
	<plugin fragment="true" id="org.eclipse.cdt.qt.ui.nl_zh" unpack="false" version="4.14.0.v20200113020001" download-size="2564" install-size="2564" />
	<plugin fragment="true" id="org.eclipse.cdt.remote.core.nl_zh" unpack="false" version="4.14.0.v20200113020001" download-size="2692" install-size="2692" />
	<plugin fragment="true" id="org.eclipse.cdt.sdk.nl_zh" unpack="false" version="4.14.0.v20200113020001" download-size="1467" install-size="1467" />
	<plugin fragment="true" id="org.eclipse.cdt.tests.dsf.nl_zh" unpack="false" version="4.14.0.v20200113020001" download-size="1471" install-size="1471" />
	<plugin fragment="true" id="org.eclipse.cdt.testsrunner.boost.nl_zh" unpack="false" version="4.14.0.v20200113020001" download-size="2566" install-size="2566" />
	<plugin fragment="true" id="org.eclipse.cdt.testsrunner.gtest.nl_zh" unpack="false" version="4.14.0.v20200113020001" download-size="2569" install-size="2569" />
	<plugin fragment="true" id="org.eclipse.cdt.testsrunner.nl_zh" unpack="false" version="4.14.0.v20200113020001" download-size="5148" install-size="5148" />
	<plugin fragment="true" id="org.eclipse.cdt.testsrunner.qttest.nl_zh" unpack="false" version="4.14.0.v20200113020001" download-size="2594" install-size="2594" />
	<plugin fragment="true" id="org.eclipse.cdt.testsrunner.tap.nl_zh" unpack="false" version="4.14.0.v20200113020001" download-size="2554" install-size="2554" />
	<plugin fragment="true" id="org.eclipse.cdt.ui.nl_zh" unpack="false" version="4.14.0.v20200113020001" download-size="81993" install-size="81993" />
	<plugin fragment="true" id="org.eclipse.cdt.util.nl_zh" unpack="false" version="4.14.0.v20200113020001" download-size="1512" install-size="1512" />
	<plugin fragment="true" id="org.eclipse.cdt.visualizer.core.nl_zh" unpack="false" version="4.14.0.v20200113020001" download-size="1474" install-size="1474" />
	<plugin fragment="true" id="org.eclipse.cdt.visualizer.examples.nl_zh" unpack="false" version="4.14.0.v20200113020001" download-size="1477" install-size="1477" />
	<plugin fragment="true" id="org.eclipse.cdt.visualizer.ui.nl_zh" unpack="false" version="4.14.0.v20200113020001" download-size="1473" install-size="1473" />
</feature>